d,ret,pool,mkt
2020-09-14,0.008264208798110486,0.019140024,0.027053805
2020-09-21,-0.02562953857421875,-0.03764881,-0.04067872
2020-09-28,-0.00021178152827545991,0.0057710856,0.004359916
2020-10-09,0.019411713353395463,0.022096336,0.021895563
2020-10-12,0.023489251967072487,0.0104084,0.019903641
2020-10-19,-0.02115537097930908,-0.03073168,-0.028139874
2020-10-26,-0.0010794582748413085,-0.020955518,-0.020924877
2020-11-02,0.006713677783310413,0.030786445,0.03238184
2020-11-09,0.04385242576599121,0.0020968078,0.00034481808
2020-11-16,0.013332527599334718,0.017150309,0.014461568
2020-11-23,0.005163766098022461,-0.0137847345,-0.015064711
2020-11-30,0.052627253931760785,0.017023848,0.013823237
2020-12-07,-0.019627439203858375,-0.046066687,-0.04354671
2020-12-14,-0.03313897584676743,-0.002381001,0.0012858802
2020-12-21,-0.04496160312414169,-0.01665926,-0.015324433
2020-12-28,0.020285488691926003,0.011882194,0.006789127
2021-01-04,-0.033983058758974075,-0.020670056,-0.025923532
2021-01-11,-0.022529337320923805,-0.011466972,-0.0125533845
2021-01-18,0.007597998018860817,0.020067917,0.018650793
2021-01-25,-0.08566389558553696,-0.04699141,-0.04923872
2021-02-01,-0.04333348234295845,-0.024059078,-0.031801872
2021-02-08,0.006857324977219105,0.039147027,0.0409176
2021-02-18,0.043075322759151456,0.043146063,0.042280328
2021-02-22,0.03670362138867378,-0.011196316,-0.009614957
2021-03-01,0.04820101755023003,0.029794447,0.029416345
2021-03-08,-0.03190100041329861,-0.03343924,-0.035669185
2021-03-15,0.021496178236603738,0.02127454,0.018445892
2021-03-22,-0.007237535898536444,0.011197457,0.0076811374
2021-03-29,-0.0019524994394369422,0.008530915,0.0045061577
2021-04-06,0.02759244630932808,0.014820821,0.010201237
2021-04-12,0.00821519049704075,0.003358745,0.0034320266
2021-04-19,0.005775671920776367,0.0032272509,0.0042729285
2021-04-26,-0.059720203626155856,-0.018088054,-0.01865703
2021-05-06,0.011203206729888917,0.0007898943,0.0010208886
2021-05-10,0.02701827988564968,0.021644827,0.025772898
2021-05-17,-0.016409801664948463,-0.0069792513,-0.0018097515
2021-05-24,0.009106570391952992,0.02660562,0.029220344
2021-05-31,0.009676707562804223,0.013771306,0.015206402
2021-06-07,0.020233326128721238,0.005050261,0.0078671705
2021-06-15,-0.009331880483031272,-0.009166322,-0.005765161
2021-06-21,0.057398897132873536,0.023166835,0.02161344
2021-06-28,0.0021235642517358063,-0.015591341,-0.012668483
2021-07-05,0.011637336111664773,0.027545575,0.027462993
2021-07-12,-0.020186014004945754,-0.0025972843,-0.0024302066
2021-07-19,-0.0073658217407763,0.002844666,0.008881454
2021-07-26,-0.03563432430028916,-0.024420949,-0.020866476
2021-08-02,0.013507376776337624,0.021467786,0.021086242
2021-08-09,0.014842492065429688,0.034548514,0.03451436
2021-08-16,-0.0034412372589111328,-0.018146062,-0.020014524
2021-08-23,0.04651742475390434,0.031993642,0.03019282
2021-08-30,0.003946727144569158,0.006531373,0.007813547
2021-09-06,0.02363074885427952,0.02468133,0.025045997
2021-09-13,-0.03008962829709053,-0.02431278,-0.027545663
2021-09-22,-0.010978597679138183,0.0034175238,0.00682579
2021-09-27,-0.026629024648070335,-0.026586853,-0.024398457
2021-10-08,0.020645461396574975,0.010248775,0.0064271046
2021-10-11,-0.005393824305832386,-0.021014897,-0.018305445
2021-10-18,-0.015001355084776877,-0.00081127987,-0.00335678
2021-10-25,-0.005279745555222035,-0.011292802,-0.016217086
2021-11-01,0.03716631199121475,0.01870039,0.019110667
2021-11-08,0.03290009917974472,0.04274312,0.046313662
2021-11-15,0.005768919949233532,0.01926266,0.0189829
2021-11-22,-0.020097576427459716,-0.0012615905,0.0024975347
2021-11-29,0.026774339846372605,0.025895104,0.022629928
2021-12-06,0.007413858084976673,0.0055094613,0.0009852679
2021-12-13,0.06286666961669922,0.009223213,0.009405556
2021-12-20,-0.012229072275757789,-0.0056094048,-0.011836677
2021-12-27,0.02125208417773247,0.033891078,0.030892842
2022-01-04,0.06232631171941757,-0.012778679,-0.01572898
2022-01-10,0.041447685451507565,0.012583339,0.008411894
2022-01-17,0.010295067333877087,-0.037699938,-0.03653762
2022-01-24,-0.039255380976200106,-0.039331947,-0.04050904
2022-02-07,0.008443496541380883,0.009392414,0.0022353516
2022-02-14,0.009461702433228494,0.026701124,0.028977519
2022-02-21,0.009043218222260476,0.0009079451,0.0048790285
2022-02-28,-0.0034667627166211604,-0.0076920167,-0.003826275
2022-03-07,-0.007174283728897572,-0.039338306,-0.040805303
2022-03-14,0.02674447337985039,-0.0060969424,-0.008446545
2022-03-21,0.01375917007893324,-0.004258829,-0.009140341
2022-03-28,-0.012899416961669921,0.0028309783,0.0036203223
2022-04-06,0.008893054447174073,-0.018382922,-0.022546606
2022-04-11,-0.02503079420208931,-0.044033986,-0.041536342
2022-04-18,0.040018026254177094,-0.05843081,-0.053689342
2022-04-25,-0.08492240181446076,-0.03549754,-0.037036292
2022-05-05,-0.0012818682663317304,0.009807727,0.008820146
2022-05-09,0.054563270301818845,0.05886266,0.060044467
2022-05-16,0.05369048612475395,0.030752331,0.024199652
2022-05-23,0.0368397008895874,-0.0022739884,-0.0036266218
2022-05-30,0.0258183782017231,0.030942243,0.040095914
2022-06-06,-0.017324918412566184,0.007616759,0.0019684325
2022-06-13,-0.009223086290955543,0.028194088,0.024613988
2022-06-20,0.02904970723092556,0.035288397,0.02859158
2022-06-27,0.004562967925369739,0.009500657,0.003673686
2022-07-04,-0.015574695191085338,0.0030886142,-0.002593947
2022-07-11,-0.023392128172516822,-0.018561443,-0.017484225
2022-07-18,0.08340380760192871,0.047264956,0.038834434
2022-07-25,0.07265128160715104,0.018529551,0.0135649005
2022-08-01,-0.06243973551034927,-0.019273086,-0.010619486
2022-08-08,0.024217964735627175,0.03538372,0.028986469
2022-08-15,0.007229484272003174,0.010996457,0.0033032729
2022-08-22,0.002936313745826483,-0.03959415,-0.04007756
2022-08-29,0.015941888562440873,0.0003904848,-0.0004309216
2022-09-05,0.03469362238168716,0.014445381,0.011943998
2022-09-13,-0.05989016918182373,-0.057652745,-0.05496334
2022-09-19,-0.0318550053024292,-0.018165914,-0.024247248
2022-09-26,0.005501275884956121,-0.029444316,-0.028496988
2022-10-10,0.06809245178222656,0.047339596,0.043440774
2022-10-17,0.013708501591384412,0.016923187,0.01606517
2022-10-24,-0.05432968458414078,-0.045226444,-0.041122332
2022-10-31,0.0417521898663044,0.081674434,0.080304325
2022-11-07,0.03131586068987846,0.012068872,0.006924917
2022-11-14,0.02171149442791939,0.008514923,0.009267343
2022-11-21,-0.007865037417709827,-0.027170422,-0.02681881
2022-11-28,0.07254391582965851,0.048862386,0.045514442
2022-12-05,0.014634955328702928,-0.0045303022,-0.006323501
2022-12-12,-0.02911599760055542,-0.012878366,-0.015532876
2022-12-19,-0.03649690246462822,-0.04499506,-0.050061937
2022-12-26,-0.010354393624663352,0.014565807,0.013891474
2023-01-03,0.03102317499279976,0.035427667,0.035099603
2023-01-09,-0.01095292018443346,0.0038003526,-0.00072223856
2023-01-16,0.040778786412477494,0.03535809,0.04058016
2023-01-30,0.061133944780826566,0.028716242,0.023732059
2023-02-06,0.021043683987855912,0.010437418,0.0151728485
2023-02-13,-0.011871380262970924,-0.014169948,-0.013716555
2023-02-20,0.035124142191410065,0.009702539,0.010810694
2023-02-27,0.02131017239511013,0.007926251,0.008676053
2023-03-06,-0.02184628380715847,-0.037003256,-0.024698697
2023-03-13,0.003656778835952282,-0.007992561,-0.0048654485
2023-03-20,0.012815759868621827,0.02421926,0.018849213
2023-03-27,0.0014341246604919434,-0.007069855,-0.0052210838
2023-04-03,-0.002337120819091797,0.005273556,0.012295779
2023-04-10,-0.000820595302581787,-0.009603457,-0.0038378707
2023-04-17,-0.06106439849615097,-0.04051652,-0.039178405
2023-04-24,0.027416374188661576,0.0047846343,0.0012274343
2023-05-04,0.02526005695462227,0.0031687021,0.00064372265
2023-05-08,-0.0050198617362976075,-0.011468324,-0.010085201
2023-05-15,0.023015929040312768,0.015322213,0.01900146
2023-05-22,-0.00042840867253020397,-0.00020936868,0.0019665218
2023-05-29,-0.0007818806881085038,0.009562917,0.009281997
2023-06-05,-0.02187156071603298,-0.0151241915,-0.012086738
2023-06-12,0.02786080213546753,0.03242949,0.025456758
2023-06-19,-0.022297590502500533,-0.023197945,-0.02386771
2023-06-26,0.05987909483075142,0.032996472,0.02752691
2023-07-03,-0.008273254494369029,-0.0018079313,-0.0008417721
2023-07-10,0.017935341692566872,0.00033582243,0.0025526313
2023-07-17,0.00958608975917101,-0.011354726,-0.01625271
2023-07-24,0.011755066460967065,0.012103071,0.015051491
2023-07-31,-0.014062902655899524,0.0025091653,0.001147082
2023-08-07,-0.015519296164810657,-0.03704241,-0.032408018
2023-08-14,0.013651646327972413,-0.008768701,-0.0062916335
2023-08-21,-0.01211867993414402,0.0068740863,0.011049312
2023-08-28,-0.006304759063720703,-0.00074943044,-0.00068073533
2023-09-04,0.0029373108437657355,-0.00092125195,-0.0025138287
2023-09-11,-0.01938089681506157,-0.01230965,-0.012719693
2023-09-18,0.007808154917359352,0.005470775,0.0033772907
2023-09-25,-0.001649838985837996,0.0061944854,0.0054660193
2023-10-09,-0.017883175515532493,-0.0017234143,-0.00408967
2023-10-16,-0.0170296370023489,-0.046241626,-0.047158625
2023-10-23,0.05257802049517631,0.034646608,0.032246582
2023-10-30,0.020496445245146752,0.021496568,0.021262933
2023-11-06,0.00496649590998888,0.012097918,0.017811352
2023-11-13,0.02157173725128174,0.024344632,0.021469913
2023-11-20,0.005923293416649103,-0.008084576,-0.011093232
2023-11-27,0.010542016944885255,0.0026705372,0.004704838
2023-12-04,-0.03730043058395386,-0.031185478,-0.029061897
2023-12-11,0.07045002701044083,0.007333879,0.0047511645
2023-12-18,-0.011310814294219016,-0.026725367,-0.027021697
2023-12-25,0.01775282773077488,0.032672994,0.02834789
2024-01-02,0.0037316331908106804,-0.024170166,-0.025596265
2024-01-08,-0.008662985517829656,-0.010589262,-0.015229305
2024-01-15,-0.03061603894174099,-0.04910047,-0.048796352
2024-01-22,0.01710685738503933,-0.010599409,-0.00499638
2024-01-29,-0.13179818249702455,-0.16884206,-0.16582273
2024-02-05,-0.08018219051599502,0.015722807,0.018573958
2024-02-19,0.07180120470285416,0.10749984,0.10932223
2024-02-26,-0.03971096162796021,0.028663117,0.02472486
2024-03-04,0.015131936759948731,-0.0028904143,-0.0039888895
2024-03-11,0.03647696727633476,0.050161242,0.047467444
2024-03-18,0.02084016951620579,0.009667922,0.008757109
2024-03-25,0.009967797904312611,-0.014214431,-0.015265113
2024-04-01,0.03363137739062309,0.00828984,0.006866114
2024-04-08,-0.08464494673252106,-0.039640035,-0.037712142
2024-04-15,-0.06898450432062149,-0.051448047,-0.047417026
2024-04-22,0.06152866455078125,0.039889168,0.045937214
2024-04-29,0.04413788358569145,0.034491394,0.032685053
2024-05-06,-0.028909732236266136,-0.0040742294,0.00062553596
2024-05-13,0.010860067329406739,0.013232789,0.0094763795
2024-05-20,0.007523506416976452,-0.035818722,-0.028771525
2024-05-27,-0.004012161862999201,-0.005948117,-0.002329463
2024-06-03,-0.08374812034606934,-0.06677923,-0.06321175
2024-06-11,-0.0090875565046072,0.012262181,0.0163955
2024-06-17,-0.028761500024199485,-0.027784677,-0.018737797
2024-06-24,-0.022770513429045677,-0.013591984,-0.016159248
2024-07-01,-0.02617272687792778,-0.012646148,-0.019173637
2024-07-08,-0.0016829910426959394,0.011401976,0.012935753
2024-07-15,-0.029750972517728805,-0.021299051,-0.011283312
2024-07-22,0.004157851335853338,-0.0061361175,-0.008985784
2024-07-29,0.020966372804045678,0.024612816,0.019238573
2024-08-05,0.019350916615724564,-0.005791059,-0.010504197
2024-08-12,-0.012332007054686546,-0.0065846127,-0.002319674
2024-08-19,-0.04560231743097305,-0.03563603,-0.04020313
2024-08-26,0.04535291309356689,0.041033566,0.03364663
2024-09-02,-0.009667454633116721,-0.022055743,-0.026520118
2024-09-09,-0.0036209929931908845,-0.013146723,-0.0128104305
2024-09-18,0.009817367888092995,0.016294915,0.011547236
2024-09-23,0.10923650535106659,0.1725374,0.19117245
2024-09-30,0.10783422412633896,0.14837497,0.2136701
2024-10-08,-0.0427095869076252,-0.13444498,-0.15941958
2024-10-14,-0.044436262686252594,0.040620245,0.058328275
2024-10-21,0.05264035368084907,0.059696686,0.055464353
2024-10-28,0.01174827153146267,-0.0030088439,-0.013800121
2024-11-04,0.11444185348510742,0.08530093,0.09432548
2024-11-11,-0.0240153740131855,-0.026954217,-0.025348568
2024-11-18,0.014500714492797852,0.0028856038,-0.0106668575
2024-11-25,0.02959417598605156,0.042027213,0.037876062
2024-12-02,0.02789747016787529,0.03835649,0.030535335
2024-12-09,0.036371597440242764,0.023542603,0.009824953
2024-12-16,-0.024392949762940406,-0.03253393,-0.027622838
2024-12-23,-0.037246353455781936,-0.034276303,-0.033622745
2024-12-30,-0.04382451413989067,-0.08425248,-0.08459614
2025-01-06,0.01226459571838379,-0.013287728,-0.016035479
2025-01-13,0.03569141077160835,0.07502385,0.0710858
2025-01-20,-0.01958957267642021,-0.0042587565,0.004142379
2025-01-27,0.010106159028410912,-0.0039673923,-0.0050584674
2025-02-05,0.028858334874510765,0.03989601,0.043146186
2025-02-10,-0.005103086234256625,0.016375678,0.02122064
2025-02-17,-0.002444452370479703,0.02514524,0.026767626
2025-02-24,-0.003202031945064664,-0.01596941,-0.014236263
2025-03-03,0.059127647898197175,0.029235467,0.035412587
2025-03-10,0.03606906580090523,0.024971284,0.024562292
2025-03-17,0.03138235048532486,-0.010134532,-0.018736593
2025-03-24,-0.011877197303771972,-0.037108447,-0.031627413
2025-03-31,-0.025422308359742164,-0.058639016,-0.056486826
2025-04-07,0.00024292752055451278,0.005702073,0.014419014
2025-04-14,0.04721304611444473,-9.727323e-05,-0.0036745584
2025-04-21,0.06440245779514313,0.026479196,0.018277382
2025-04-28,0.03175273130536079,0.014048814,0.013941499
2025-05-06,0.029894501439332963,0.037664685,0.035859074
2025-05-12,-0.0011389840184245258,0.0076978286,0.006643131
2025-05-19,-0.008759767279922961,-0.007558165,-0.010738862
2025-05-26,0.015608082876801491,0.011464424,0.009235774
2025-06-03,0.0298140064150095,0.02931548,0.028986143
2025-06-09,-0.017711220654845237,-0.0087446775,-0.0079301
2025-06-16,-0.03254315210223198,-0.023781374,-0.022116728
2025-06-23,0.04672305623888969,0.05743518,0.058580987
2025-06-30,0.014947153282165528,0.0060817595,0.00517614
2025-07-07,0.029593469229340554,0.024244986,0.024744105
2025-07-14,0.018340350714325906,0.014150588,0.015863093
2025-07-21,0.014303303909301759,0.020658443,0.023059886
2025-07-28,0.013619273438155652,-0.014009137,-0.008722801
2025-08-04,0.043057012957334516,0.03643352,0.035748903
2025-08-11,-0.02430572395324707,0.024839168,0.024971727
2025-08-18,0.023433000317811967,0.031139715,0.033760697
2025-08-25,0.01101074333190918,-0.009560914,-0.008901625
2025-09-01,-0.006238359489440918,-0.007644669,-0.008395983
2025-09-08,0.021514273834228517,0.01960621,0.01829058
2025-09-15,-0.030696092519164084,-0.0032397008,-0.005210761
2025-09-22,-0.0056635605834424495,-0.013319802,-0.010863133
2025-09-29,0.003611801543533802,0.015856724,0.016925726
2025-10-09,0.009809668292999268,-0.031914115,-0.034416433
2025-10-13,0.016301876402497292,0.014919054,0.010981099
2025-10-20,0.04851487325787544,0.032755733,0.032848284
2025-10-27,0.01388920622766018,0.004526238,0.007103794
2025-11-03,0.011761439618468286,0.019503329,0.010585556
2025-11-10,0.018038155165314675,0.014750965,0.010434725
2025-11-17,-0.049544434525966644,-0.06069531,-0.06104538
2025-11-24,0.012912028937637807,0.036455363,0.035349593
2025-12-01,-0.0056751981589198116,0.0028964535,0.00033064085
2025-12-08,-0.02551736717224121,-0.024339518,-0.014837462
2025-12-15,0.014864510393738747,0.020000536,0.013838633
2025-12-22,0.018791931218504906,0.025752323,0.019322332
2025-12-29,0.028465378683805467,-0.0008592603,0.0006671938
2026-01-05,0.02645062702059746,0.054752678,0.059648067
2026-01-12,-0.012244922571778297,-0.006424566,0.003176304
2026-01-19,0.06179514201641083,0.04979048,0.040790763
2026-01-26,-0.012446724224090575,-0.04134324,-0.037562747
2026-02-02,0.034858539354801175,0.024360895,0.014070465
2026-02-09,-0.016139470386505126,0.0049396204,0.007749674
2026-02-24,0.02279275807440281,0.013055065,0.012456218
2026-03-02,-0.008644134269058704,-0.023616912,-0.027292648
2026-03-09,0.007132650938630104,0.004156804,0.004037708
2026-03-16,-0.062397486993074416,-0.07519269,-0.06898898
2026-03-23,-0.011335956278443336,0.015212541,0.0055284025
2026-03-30,-0.0015279519976582378,-0.021759087,-0.019391762
2026-04-07,0.10133416916131974,0.045687735,0.044359665
2026-04-13,0.036846738777160645,0.026228746,0.030728746
2026-04-20,-0.00964821444004774,-0.011081614,-0.008832922
2026-04-27,0.012388712263703347,0.021546638,0.021615531
2026-05-06,0.026570440855622292,0.03265672,0.036310878
2026-05-11,-0.03200740320324898,-0.02634416,-0.021550892
2026-05-18,-0.025025712671875953,-0.008110857,-0.001912163
2026-05-25,-0.0745458010315895,-0.050839487,-0.05212799
2026-06-01,-0.042920153119564056,-0.030344276,-0.02999693
2026-06-08,0.005618704602867365,-0.0013418081,0.0013796457
2026-06-15,-0.043178998279571536,0.0020376884,0.015412484
2026-06-22,-0.05861850862503052,-0.044914264,-0.044754524
2026-06-29,0.0517470609664917,0.043467823,0.04025739
2026-07-06,-0.028571782979369163,-0.04586436,-0.045291603
2026-07-13,0.009079493236541749,-0.052274503,-0.06280676
2026-07-20,-0.025330935019254684,-0.032129962,-0.03559384
2026-07-27,0.060421373349428174,0.05190614,0.044629306
2026-08-03,0.026210976418852807,0.05667647,0.06799005
2026-08-10,0.014318944540619851,0.014075954,0.011126536
2026-08-17,0.002580238626152277,-0.015054701,-0.013863445
2026-08-24,0.10379498417377472,0.020418385,0.0118784495
2026-08-31,0.058763799608945844,0.007608383,0.008366604
2026-09-07,-0.012275015349686145,-0.021583641,-0.028028004
2026-09-14,-0.010412822823226451,0.015719593,0.028307827
2026-09-21,0.0077595332425832745,-0.004243799,0.0016305428
