d,基准,前20,前50,yr
2022-07-01,-0.002117426,-0.010819187,-0.00014417944,2022
2022-07-08,-0.019990617,0.03574032,0.029057264,2022
2022-07-15,0.038345538,0.07331835,0.0676896,2022
2022-07-22,0.011720576,0.015638057,0.016705023,2022
2022-07-29,-0.014335348,-0.041645076,-0.04183278,2022
2022-08-05,0.030454611,0.021603748,0.029147653,2022
2022-08-12,0.0049014976,0.009072993,-0.0070366208,2022
2022-08-19,-0.041010883,-0.03598778,-0.04038545,2022
2022-08-26,-0.0034036369,-0.01693885,-0.021427117,2022
2022-09-02,0.014813624,0.044628184,0.0412455,2022
2022-09-09,-0.062177643,-0.051355727,-0.060634527,2022
2022-09-16,-0.023335284,-0.016692463,-0.016659405,2022
2022-09-23,-0.029295081,-0.01370481,-0.01752272,2022
2022-09-30,0.04136341,0.016949039,0.011716294,2022
2022-10-14,0.01120449,-0.006276223,-0.0031138575,2022
2022-10-21,-0.04335032,-0.043907393,-0.050490767,2022
2022-10-28,0.08088264,0.11803766,0.113823794,2022
2022-11-04,0.0072328057,0.017003398,0.0064796973,2022
2022-11-11,0.0076238723,0.0053140502,-0.0009799077,2022
2022-11-18,-0.027708326,-0.015774146,-0.014322374,2022
2022-11-25,0.047409013,0.03317479,0.042569146,2022
2022-12-02,-0.005960576,-0.0050288616,0.0017959583,2022
2022-12-09,-0.014996026,-0.032105327,-0.020907562,2022
2022-12-16,-0.04919913,-0.05750491,-0.060626063,2022
2022-12-23,0.014739325,0.094448835,0.058637787,2022
2022-12-30,0.03589348,0.026533559,0.021394592,2022
2023-01-06,-0.0012523464,-0.0015321416,-0.004779226,2023
2023-01-13,0.037500873,0.050608706,0.0484487,2023
2023-01-20,0.018536998,0.015930777,0.019811934,2023
2023-02-03,0.0121128755,-8.018594e-05,0.0023320117,2023
2023-02-10,-0.013875461,-0.009303386,0.004660939,2023
2023-02-17,0.009517474,-0.007873461,0.00677051,2023
2023-02-24,0.009665022,-0.0041983053,0.005462761,2023
2023-03-03,-0.02800303,-0.016929213,-0.02767156,2023
2023-03-10,-0.0044982987,-0.022261925,-0.011888683,2023
2023-03-17,0.017590415,-0.0005990693,0.009320653,2023
2023-03-24,-0.0041222004,-0.011241674,-0.009841134,2023
2023-03-31,-3.476661e-05,-0.03420288,-0.022456754,2023
2023-04-07,-0.0043683397,2.4945475e-06,-0.0013028126,2023
2023-04-14,-0.03965295,-0.015093178,-0.0075903498,2023
2023-04-21,-0.0030120441,0.009034913,0.014794235,2023
2023-04-28,-0.0046672123,0.04203888,0.035872936,2023
2023-05-05,-0.013677755,0.0048056305,0.009759352,2023
2023-05-12,0.013545091,0.024150789,0.025268022,2023
2023-05-19,-0.0018239017,-0.015103504,-0.008221681,2023
2023-05-26,0.011875777,-0.002648902,-0.0047884416,2023
2023-06-02,-0.009959037,-0.037207734,-0.036167905,2023
2023-06-09,0.02788126,0.02687653,0.026876546,2023
2023-06-16,-0.020320322,-0.045745026,-0.037050582,2023
2023-06-21,0.023035403,0.013960527,0.018923797,2023
2023-06-30,-0.003391292,-0.0050036563,-0.005990988,2023
2023-07-07,0.00019757662,0.023684155,0.01574187,2023
2023-07-14,-0.018916834,-0.009264546,-0.020094426,2023
2023-07-21,0.013852475,0.05926083,0.049590524,2023
2023-07-28,0.0037353511,0.0019076972,0.0017161423,2023
2023-08-04,-0.037305504,-0.030348694,-0.031467937,2023
2023-08-11,-0.011340644,0.0005212978,-0.0022860232,2023
2023-08-18,0.016947724,0.042060487,0.042335585,2023
2023-08-25,-0.0046314006,-0.042584136,-0.045147166,2023
2023-09-01,-0.0028556583,-0.0023329756,-0.008620722,2023
2023-09-08,-0.0100661,0.013452396,0.011812913,2023
2023-09-15,0.0025700522,-0.0042032693,-0.0026566556,2023
2023-09-22,0.0055780266,-0.016144764,-0.015768262,2023
2023-09-28,-0.0001494806,-0.010977461,0.003348196,2023
2023-10-13,-0.049782015,-0.023351569,-0.026155619,2023
2023-10-20,0.030589236,0.019361928,0.023313178,2023
2023-10-27,0.020701446,-0.005029616,-0.0030457815,2023
2023-11-03,0.018387116,0.020423597,0.020442544,2023
2023-11-10,0.022213006,0.033758778,0.038419817,2023
2023-11-17,-0.011885705,-0.01783175,-0.018555228,2023
2023-11-24,0.0052860235,0.004755467,-0.00020946912,2023
2023-12-01,-0.02858324,-0.011602555,-0.013665224,2023
2023-12-08,0.0025330724,0.0030127596,0.0046901386,2023
2023-12-15,-0.030211614,-0.0054229964,-0.012325705,2023
2023-12-22,0.028178513,0.006696741,0.0066568735,2023
2023-12-29,-0.043704282,0.0064685675,0.0040538516,2023
2024-01-05,-0.015338247,-0.0039039424,-0.013331676,2024
2024-01-12,-0.046514455,-0.04780553,-0.04343493,2024
2024-01-19,-0.003279428,1.4209887e-05,0.0046092253,2024
2024-01-26,-0.16026345,-0.09749037,-0.1228011,2024
2024-02-02,0.04058565,-0.085799746,-0.07525143,2024
2024-02-08,0.10434126,0.06783698,0.07029371,2024
2024-02-23,0.026119612,0.058959406,0.04954026,2024
2024-03-01,-0.0037096008,-0.047200687,-0.026583983,2024
2024-03-08,0.04730513,0.0594357,0.06774737,2024
2024-03-15,0.0089069465,0.0111297015,0.013629455,2024
2024-03-22,-0.016207522,-0.0077412636,-0.002557942,2024
2024-03-29,-0.003435752,0.016425189,0.026745923,2024
2024-04-03,-0.038700607,-0.08966226,-0.07753487,2024
2024-04-12,-0.044709604,-0.10239399,-0.089111105,2024
2024-04-19,0.0425013,0.08782919,0.07888757,2024
2024-04-26,0.03337149,0.05995606,0.052755356,2024
2024-04-30,0.0014429356,0.01882484,0.00434135,2024
2024-05-10,0.00992998,0.02174156,0.013975071,2024
2024-05-17,-0.032136668,-0.052364465,-0.044239867,2024
2024-05-24,-0.0037907853,0.0050444026,-0.0037772777,2024
2024-05-31,-0.05870547,-0.10606474,-0.10585304,2024
2024-06-07,0.017107058,-0.029932424,-0.022044206,2024
2024-06-14,-0.022652827,-0.0044484586,-0.0054748016,2024
2024-06-21,-0.017298805,0.009977453,0.00053287786,2024
2024-06-28,-0.02047348,0.009444527,0.0055605974,2024
2024-07-05,0.014565179,-0.016760342,-0.007352478,2024
2024-07-12,-0.014530983,-0.007814608,-0.015052364,2024
2024-07-19,-0.012696001,-0.016759459,-0.00911986,2024
2024-07-26,0.018294683,0.00060304464,-0.00014428026,2024
2024-08-02,-0.014601458,-0.01684174,-0.01612907,2024
2024-08-09,-0.0018896444,0.026487857,0.02650515,2024
2024-08-16,-0.03830638,-0.04545573,-0.047678057,2024
2024-08-23,0.031108906,-0.04501582,-0.02638556,2024
2024-08-30,-0.025428515,-0.04199573,-0.045119766,2024
2024-09-06,-0.015517869,-0.027868574,-0.03260745,2024
2024-09-13,0.062413633,0.06472483,0.058123443,2024
2024-09-20,0.19978784,0.08230377,0.13090244,2024
2024-09-27,0.015929457,0.017908942,0.016091594,2024
2024-09-30,-0.15653703,-0.1140024,-0.11592117,2024
2024-10-11,0.0490728,0.08046897,0.08015025,2024
2024-10-18,0.04850326,0.065567024,0.05549427,2024
2024-10-25,-0.014911902,-0.027018283,-0.033490185,2024
2024-11-01,0.08689375,0.11063795,0.10887822,2024
2024-11-08,-0.028425198,-0.021096973,-0.018262118,2024
2024-11-15,-0.0124262,0.007412877,-0.0028324635,2024
2024-11-22,0.038480602,0.023979213,0.024273712,2024
2024-11-29,0.03298119,0.036496993,0.02741306,2024
2024-12-06,0.014236142,0.045988433,0.045143846,2024
2024-12-13,-0.025781464,-0.03562022,-0.03512525,2024
2024-12-20,-0.03138333,-0.035464235,-0.03100934,2024
2024-12-27,-0.0870995,-0.09128462,-0.081784405,2024
2025-01-03,-0.016234199,-0.0027006667,-0.0038037216,2025
2025-01-10,0.07000924,0.037453428,0.037399564,2025
2025-01-17,0.004989993,-0.013434662,-0.00986123,2025
2025-01-24,0.050937913,-0.015466314,-0.013615791,2025
2025-01-27,0.04977307,-0.003075279,-0.0029524215,2025
2025-02-07,0.019675402,0.0023414926,-0.0008932102,2025
2025-02-14,0.02520663,-0.007889491,-0.0025294183,2025
2025-02-21,-0.017108541,0.0058514727,0.0050276583,2025
2025-02-28,0.032162674,0.0047846944,0.006439027,2025
2025-03-07,0.020447861,0.019366585,0.029737484,2025
2025-03-14,-0.014665939,0.00030853925,0.008667524,2025
2025-03-21,-0.032784533,-0.019683212,-0.017656619,2025
2025-03-28,-0.12117879,-0.04233154,-0.060298286,2025
2025-04-03,0.010756594,0.014257386,0.0017435336,2025
2025-04-11,-0.006344271,-0.008894908,-0.011879604,2025
2025-04-18,0.020216227,0.022490995,0.044982623,2025
2025-04-25,0.037897795,0.0870362,0.09214192,2025
2025-04-30,0.04945873,0.03601144,0.041069657,2025
2025-05-09,0.0045259167,-0.0073593734,-0.0032843668,2025
2025-05-16,-0.00942665,-0.0001958462,0.0018315669,2025
2025-05-23,0.008811833,0.015592308,0.015648037,2025
2025-05-30,0.040578403,0.03378923,0.03566792,2025
2025-06-06,-0.009130543,-0.029040044,-0.024792198,2025
2025-06-13,-0.021674423,-0.00069684396,-0.010637116,2025
2025-06-20,0.057515148,0.058728326,0.0500523,2025
2025-06-27,0.006731182,0.017033419,0.01179033,2025
2025-07-04,0.024952358,0.017635237,0.018995777,2025
2025-07-11,0.015998496,0.008837309,0.013645869,2025
2025-07-18,0.022145439,0.022982007,0.027438704,2025
2025-07-25,-0.007805907,-0.016109735,-0.020519841,2025
2025-08-01,0.03689062,0.031992503,0.031528566,2025
2025-08-08,0.026232868,0.013866004,0.0021332258,2025
2025-08-15,0.032458365,0.030108407,0.034000266,2025
2025-08-22,-0.008380118,-0.011032947,-0.0045193313,2025
2025-08-29,-0.011759205,0.009318895,0.006185851,2025
2025-09-05,0.021318706,0.0036043175,0.009658989,2025
2025-09-12,-0.004730067,-0.02548178,-0.0240308,2025
2025-09-19,-0.008194571,-0.016215209,-0.014918195,2025
2025-09-26,0.020777998,0.0051765274,0.012530862,2025
2025-09-30,-0.0018485228,0.020074682,0.020486398,2025
2025-10-10,0.011265172,0.0044342587,0.004832154,2025
2025-10-17,0.032820348,0.03525012,0.04417202,2025
2025-10-24,0.0052169007,0.0063233813,0.0074933944,2025
2025-10-31,0.012682463,-0.004549379,0.0011108534,2025
2025-11-07,0.010857149,-0.015803033,-0.009646206,2025
2025-11-14,-0.05866122,-0.029810993,-0.04408817,2025
2025-11-21,0.03726255,0.0467,0.05048261,2025
2025-11-28,0.00048886787,-0.0018630178,-0.004810429,2025
2025-12-05,-0.016680295,-0.0263884,-0.026678376,2025
2025-12-12,0.013528639,0.017700072,0.015987348,2025
2025-12-19,0.022001721,0.01977337,0.0077135824,2025
2025-12-26,0.027931312,0.035002373,0.030255444,2025
2025-12-31,0.06057965,0.06849252,0.066058755,2025
2026-01-09,0.0018941619,0.0012832035,0.0057183523,2026
2026-01-16,0.04185099,0.061311424,0.057744708,2026
2026-01-23,-0.036475997,-0.001422177,-0.009728632,2026
2026-01-30,0.014839568,0.0060565304,0.008963096,2026
2026-02-06,0.008574147,-0.026675988,-0.009166861,2026
2026-02-13,0.010160034,-0.0068060877,0.0012384253,2026
2026-02-27,-0.02869114,-0.00340334,-0.0087949205,2026
2026-03-06,0.0049112127,0.0014170604,0.004638138,2026
2026-03-13,-0.068932325,-0.034054227,-0.046669018,2026
2026-03-20,0.008716892,0.012791477,0.018273104,2026
2026-03-27,-0.01954696,-0.0041149436,-0.009240486,2026
2026-04-03,0.059399392,0.03850823,0.053817905,2026
2026-04-10,0.029431682,-0.0011021106,-0.0042388756,2026
2026-04-17,-0.007202467,-0.010074991,-0.00959768,2026
2026-04-24,0.03345519,-0.0013621299,0.008223855,2026
2026-04-30,0.028417282,-0.010400842,-0.0011032921,2026
2026-05-08,-0.020784564,-0.05507791,-0.03202059,2026
2026-05-15,0.0002156474,-0.00029675267,-0.0179094,2026
2026-05-22,-0.050701655,-0.0707028,-0.066877075,2026
2026-05-29,-0.032427683,-0.029297737,-0.026333772,2026
2026-06-05,0.0043031634,-0.015470376,-0.009160936,2026
2026-06-12,0.020661328,-0.034553267,-0.03718434,2026
2026-06-18,-0.043836307,-0.06258072,-0.05506121,2026
2026-06-26,0.039413754,0.033405133,0.043078154,2026
2026-07-03,-0.04557922,-0.012841079,-0.011476485,2026
2026-07-10,-0.06634013,-0.019025251,-0.016787328,2026
2026-07-17,-0.035096996,-0.035010368,-0.043142725,2026
2026-07-24,0.043990545,0.049614344,0.05230588,2026
2026-07-31,0.07133955,0.104029514,0.09632469,2026
2026-08-07,0.011840619,-0.0030395328,-0.0060875732,2026
2026-08-14,-0.015411822,-0.0042454274,-0.005788681,2026
2026-08-21,0.011215892,0.020512702,0.026383938,2026
2026-08-28,0.005797163,0.01783828,0.012790037,2026
2026-09-04,-0.025205022,-0.02361515,-0.020149035,2026
2026-09-11,0.030138755,-0.009600011,-0.0089942375,2026
2026-09-18,0.018595219,0.01829522,0.018475218,2026
