date,top20_c10_excess
2021-01-04,0.2671515643596649
2021-01-05,1.7589161396026611
2021-01-06,1.6800674200057983
2021-01-07,-3.0900630950927734
2021-01-08,4.776390075683594
2021-01-11,7.6989240646362305
2021-01-12,3.543797492980957
2021-01-13,2.5608396530151367
2021-01-14,4.986295223236084
2021-01-15,9.923589706420898
2021-01-18,8.603009223937988
2021-01-19,9.721694946289062
2021-01-20,8.936444282531738
2021-01-21,9.146742820739746
2021-01-22,2.7953245639801025
2021-01-25,3.8394412994384766
2021-01-26,9.81920051574707
2021-01-27,11.112386703491211
2021-01-28,5.785664081573486
2021-01-29,2.975057363510132
2021-02-01,0.4190407693386078
2021-02-02,-0.2996690571308136
2021-02-03,-8.093107223510742
2021-02-04,-11.276446342468262
2021-02-05,-12.50451374053955
2021-02-08,-16.440872192382812
2021-02-09,-15.78541088104248
2021-02-10,-17.059621810913086
2021-02-18,-19.157665252685547
2021-02-19,-14.95082950592041
2021-02-22,-12.102217674255371
2021-02-23,-10.683065414428711
2021-02-24,-4.3011250495910645
2021-02-25,-2.0089852809906006
2021-02-26,-3.5511412620544434
2021-03-01,-3.5380918979644775
2021-03-02,-3.819950580596924
2021-03-03,-2.8372645378112793
2021-03-04,-0.15183500945568085
2021-03-05,0.2875499427318573
2021-03-08,1.471706748008728
2021-03-09,-1.2634429931640625
2021-03-10,-6.696165561676025
2021-03-11,-3.4589641094207764
2021-03-12,-6.975376605987549
2021-03-15,-4.476815223693848
2021-03-16,-3.6446192264556885
2021-03-17,-2.9137113094329834
2021-03-18,-3.359933614730835
2021-03-19,-1.0867758989334106
2021-03-22,-2.546276330947876
2021-03-23,-2.512425184249878
2021-03-24,-2.965947151184082
2021-03-25,-2.0284852981567383
2021-03-26,-1.825223445892334
2021-03-29,-3.941516876220703
2021-03-30,-3.7245888710021973
2021-03-31,-3.972627878189087
2021-04-01,-3.660466194152832
2021-04-02,-3.4644529819488525
2021-04-06,-1.212416648864746
2021-04-07,-5.03983211517334
2021-04-08,3.2307612895965576
2021-04-09,-0.37374332547187805
2021-04-12,0.9335199594497681
2021-04-13,2.6058146953582764
2021-04-14,3.0086472034454346
2021-04-15,2.0885610580444336
2021-04-16,4.390717506408691
2021-04-19,3.4624435901641846
2021-04-20,1.6946285963058472
2021-04-21,5.080204963684082
2021-04-22,8.481691360473633
2021-04-23,5.339324951171875
2021-04-26,2.6628000736236572
2021-04-27,1.3634947538375854
2021-04-28,5.161105632781982
2021-04-29,5.559182167053223
2021-04-30,3.0592780113220215
2021-05-06,-2.3926775455474854
2021-05-07,1.4656732082366943
2021-05-10,-5.851350784301758
2021-05-11,1.5502303838729858
2021-05-12,-4.3645339012146
2021-05-13,-1.5735223293304443
2021-05-14,1.6691670417785645
2021-05-17,5.302364349365234
2021-05-18,2.3553781509399414
2021-05-19,1.1716246604919434
2021-05-20,3.5553905963897705
2021-05-21,7.553489685058594
2021-05-24,6.8419365882873535
2021-05-25,2.907867431640625
2021-05-26,0.07545445114374161
2021-05-27,1.9259577989578247
2021-05-28,4.775312900543213
2021-05-31,0.6418986916542053
2021-06-01,3.238701343536377
2021-06-02,1.4449341297149658
2021-06-03,0.013228505849838257
2021-06-04,-0.5598878264427185
2021-06-07,-0.0935935378074646
2021-06-08,8.537130355834961
2021-06-09,5.903691291809082
2021-06-10,7.313701629638672
2021-06-11,6.790388584136963
2021-06-15,9.578404426574707
2021-06-16,8.08456039428711
2021-06-17,2.5901684761047363
2021-06-18,2.011486768722534
2021-06-21,1.3226834535598755
2021-06-22,0.6671931147575378
2021-06-23,3.325993299484253
2021-06-24,9.709247589111328
2021-06-25,2.180905342102051
2021-06-28,-0.027008727192878723
2021-06-29,0.4558820128440857
2021-06-30,-0.6699863076210022
2021-07-01,1.2762855291366577
2021-07-02,4.747053146362305
2021-07-05,-3.5323448181152344
2021-07-06,5.685248374938965
2021-07-07,9.674018859863281
2021-07-08,2.1226916313171387
2021-07-09,2.6938228607177734
2021-07-12,8.196134567260742
2021-07-13,4.286191940307617
2021-07-14,6.599504470825195
2021-07-15,3.9341251850128174
2021-07-16,0.9306738376617432
2021-07-19,2.663513660430908
2021-07-20,3.2853643894195557
2021-07-21,-0.42280304431915283
2021-07-22,3.4656028747558594
2021-07-23,1.6717441082000732
2021-07-26,0.09606350213289261
2021-07-27,-3.458751678466797
2021-07-28,-3.1856582164764404
2021-07-29,-5.213123321533203
2021-07-30,-7.636474132537842
2021-08-02,-10.040825843811035
2021-08-03,-5.216548442840576
2021-08-04,-6.088041305541992
2021-08-05,-1.1607120037078857
2021-08-06,-2.340383529663086
2021-08-09,-3.7688262462615967
2021-08-10,0.7358126640319824
2021-08-11,4.824526786804199
2021-08-12,6.139522552490234
2021-08-13,3.2006149291992188
2021-08-16,9.674481391906738
2021-08-17,13.948390007019043
2021-08-18,9.401618957519531
2021-08-19,6.823031425476074
2021-08-20,-3.154144525527954
2021-08-23,-5.920428276062012
2021-08-24,2.891840934753418
2021-08-25,1.9335488080978394
2021-08-26,5.37783670425415
2021-08-27,-0.1309182494878769
2021-08-30,3.08080792427063
2021-08-31,-0.4305438995361328
2021-09-01,2.8946783542633057
2021-09-02,3.8173880577087402
2021-09-03,9.189011573791504
2021-09-06,7.495731353759766
2021-09-07,2.003037452697754
2021-09-08,-0.3224894404411316
2021-09-09,-3.8084771633148193
2021-09-10,-6.694144248962402
2021-09-13,-11.587753295898438
2021-09-14,-6.051948547363281
2021-09-15,-11.916191101074219
2021-09-16,-7.608938217163086
2021-09-17,-9.4343900680542
2021-09-22,-12.369134902954102
2021-09-23,-8.991141319274902
2021-09-24,-11.165465354919434
2021-09-27,-9.53670883178711
2021-09-28,-12.438915252685547
2021-09-29,-10.945067405700684
2021-09-30,-8.3872709274292
2021-10-08,-6.641129970550537
2021-10-11,-4.036345958709717
2021-10-12,-2.896960735321045
2021-10-13,-3.4302778244018555
2021-10-14,4.727884292602539
2021-10-15,3.9356000423431396
2021-10-18,5.337593078613281
2021-10-19,8.209589004516602
2021-10-20,3.215428352355957
2021-10-21,-1.3998749256134033
2021-10-22,0.23581229150295258
2021-10-25,-2.9412519931793213
2021-10-26,4.34889554977417
2021-10-27,-7.384101867675781
2021-10-28,-3.7957913875579834
2021-10-29,-1.1781848669052124
2021-11-01,-8.078126907348633
2021-11-02,-8.3065767288208
2021-11-03,-2.645745038986206
2021-11-04,-2.079481840133667
2021-11-05,2.5121822357177734
2021-11-08,-4.465155124664307
2021-11-09,-1.317363977432251
2021-11-10,-3.720569133758545
2021-11-11,-7.832100868225098
2021-11-12,-5.764466285705566
2021-11-15,-1.5723742246627808
2021-11-16,-0.31990373134613037
2021-11-17,-3.162904739379883
2021-11-18,-4.075148582458496
2021-11-19,-3.6425564289093018
2021-11-22,-5.23358678817749
2021-11-23,-6.597002029418945
2021-11-24,-2.4888579845428467
2021-11-25,0.6569701433181763
2021-11-26,-0.7232352495193481
2021-11-29,-4.334253311157227
2021-11-30,-7.430142402648926
2021-12-01,-2.512324333190918
2021-12-02,-6.492228984832764
2021-12-03,-4.9322004318237305
2021-12-06,-4.642772674560547
2021-12-07,-3.0348291397094727
2021-12-08,-2.801826238632202
2021-12-09,3.370814800262451
2021-12-10,-0.3523848056793213
2021-12-13,-2.186171293258667
2021-12-14,-2.20918345451355
2021-12-15,-3.3822975158691406
2021-12-16,-5.309577465057373
2021-12-17,-4.736105918884277
2021-12-20,6.211838722229004
2021-12-21,-1.8143548965454102
2021-12-22,5.209292411804199
2021-12-23,-3.1309030055999756
2021-12-24,-3.2452099323272705
2021-12-27,-5.068967342376709
2021-12-28,-6.247224807739258
2021-12-29,-0.5501811504364014
2021-12-30,-2.9099318981170654
2021-12-31,-4.456396579742432
2022-01-04,-2.2174856662750244
2022-01-05,-4.197340965270996
2022-01-06,-3.67976975440979
2022-01-07,-0.20945164561271667
2022-01-10,-3.428255319595337
2022-01-11,-1.503857970237732
2022-01-12,-5.777932643890381
2022-01-13,-6.1404900550842285
2022-01-14,-9.698125839233398
2022-01-17,-8.835066795349121
2022-01-18,-8.570581436157227
2022-01-19,-3.2357282638549805
2022-01-20,-3.4866788387298584
2022-01-21,5.289742469787598
2022-01-24,2.4103329181671143
2022-01-25,0.927685558795929
2022-01-26,8.039769172668457
2022-01-27,3.5372090339660645
2022-01-28,0.032933056354522705
2022-02-07,2.2881548404693604
2022-02-08,7.2147345542907715
2022-02-09,4.381226539611816
2022-02-10,1.2556861639022827
2022-02-11,-4.431658744812012
2022-02-14,3.3873398303985596
2022-02-15,1.7691737413406372
2022-02-16,-2.6843628883361816
2022-02-17,0.28469768166542053
2022-02-18,0.39650705456733704
2022-02-21,1.746087908744812
2022-02-22,-0.4067573547363281
2022-02-23,2.0993106365203857
2022-02-24,3.6759510040283203
2022-02-25,-0.34018978476524353
2022-02-28,-0.7869012355804443
2022-03-01,3.336735725402832
2022-03-02,-0.26151612401008606
2022-03-03,-2.661620855331421
2022-03-04,-1.4189164638519287
2022-03-07,-1.2494596242904663
2022-03-08,1.0234954357147217
2022-03-09,-4.902767181396484
2022-03-10,-4.595231533050537
2022-03-11,0.6450684666633606
2022-03-14,-6.955134868621826
2022-03-15,-10.478014945983887
2022-03-16,-3.060136318206787
2022-03-17,-2.8792946338653564
2022-03-18,-8.494726181030273
2022-03-21,-5.599381446838379
2022-03-22,-1.3570789098739624
2022-03-23,5.66099739074707
2022-03-24,3.8971502780914307
2022-03-25,-0.011483952403068542
2022-03-28,3.1568217277526855
2022-03-29,9.219223022460938
2022-03-30,3.231905460357666
2022-03-31,-2.282723903656006
2022-04-01,-0.3305412828922272
2022-04-06,-7.042141914367676
2022-04-07,-3.765413999557495
2022-04-08,-7.5299835205078125
2022-04-11,-7.988153457641602
2022-04-12,-2.468688726425171
2022-04-13,-6.114491939544678
2022-04-14,-1.6802563667297363
2022-04-15,1.5139110088348389
2022-04-18,-4.411478519439697
2022-04-19,-3.7052056789398193
2022-04-20,-1.0582960844039917
2022-04-21,2.1717464923858643
2022-04-22,0.8288320302963257
2022-04-25,-2.6945393085479736
2022-04-26,-6.6483683586120605
2022-04-27,-0.29300451278686523
2022-04-28,-7.477687358856201
2022-04-29,-8.767507553100586
2022-05-05,-4.852261066436768
2022-05-06,-12.858518600463867
2022-05-09,-10.390424728393555
2022-05-10,-9.653280258178711
2022-05-11,-6.748493194580078
2022-05-12,-9.652359962463379
2022-05-13,-3.8655824661254883
2022-05-16,-4.4775071144104
2022-05-17,-3.821040391921997
2022-05-18,1.008903980255127
2022-05-19,-1.3015724420547485
2022-05-20,-1.1587183475494385
2022-05-23,-1.9623030424118042
2022-05-24,1.2093126773834229
2022-05-25,6.806199073791504
2022-05-26,5.868707656860352
2022-05-27,4.434893608093262
2022-05-30,2.215440273284912
2022-05-31,1.2841358184814453
2022-06-01,3.8261895179748535
2022-06-02,0.8124775886535645
2022-06-06,4.206357479095459
2022-06-07,4.129495620727539
2022-06-08,3.0300374031066895
2022-06-09,2.0394883155822754
2022-06-10,-1.9129462242126465
2022-06-13,0.0753987580537796
2022-06-14,-2.158055067062378
2022-06-15,-1.8672486543655396
2022-06-16,2.285949230194092
2022-06-17,-2.1806488037109375
2022-06-20,0.38566476106643677
2022-06-21,3.904934883117676
2022-06-22,4.839486122131348
2022-06-23,3.0334644317626953
2022-06-24,-0.08728545904159546
2022-06-27,-2.3497154712677
2022-06-28,-0.40150508284568787
2022-06-29,1.397890567779541
2022-06-30,-3.706277847290039
2022-07-01,-4.35642147064209
2022-07-04,-5.840939998626709
2022-07-05,-9.784627914428711
2022-07-06,-8.0693359375
2022-07-07,-10.315481185913086
2022-07-08,-8.07459545135498
2022-07-11,-4.6522064208984375
2022-07-12,-2.6551764011383057
2022-07-13,-5.149834632873535
2022-07-14,-5.151124477386475
2022-07-15,-7.276484489440918
2022-07-18,-5.827596664428711
2022-07-19,-1.3220068216323853
2022-07-20,-0.7351212501525879
2022-07-21,0.7780209183692932
2022-07-22,-0.5373052954673767
2022-07-25,1.4874849319458008
2022-07-26,4.208338260650635
2022-07-27,2.946244716644287
2022-07-28,2.9496636390686035
2022-07-29,-2.8687660694122314
2022-08-01,0.2797710597515106
2022-08-02,-5.911002159118652
2022-08-03,-3.53155779838562
2022-08-04,1.323250651359558
2022-08-05,-2.6537158489227295
2022-08-08,-2.9922564029693604
2022-08-09,-2.275601863861084
2022-08-10,-2.123979091644287
2022-08-11,-1.768294334411621
2022-08-12,0.20153112709522247
2022-08-15,1.3387378454208374
2022-08-16,-2.4830322265625
2022-08-17,-5.45064115524292
2022-08-18,-6.549697399139404
2022-08-19,-6.212883949279785
2022-08-22,-7.313086032867432
2022-08-23,-5.104925632476807
2022-08-24,-2.1214091777801514
2022-08-25,-1.5612092018127441
2022-08-26,-3.621943950653076
2022-08-29,-0.6242650747299194
2022-08-30,-1.9082201719284058
2022-08-31,-0.4107745289802551
2022-09-01,0.23515614867210388
2022-09-02,0.6172176599502563
2022-09-05,-1.048885703086853
2022-09-06,3.507187604904175
2022-09-07,1.7966340780258179
2022-09-08,0.4624687135219574
2022-09-09,1.0427727699279785
2022-09-13,-0.8540816307067871
2022-09-14,-0.771687924861908
2022-09-15,0.08136779069900513
2022-09-16,-4.262894153594971
2022-09-19,-5.509838581085205
2022-09-20,-6.317488193511963
2022-09-21,-9.42963981628418
2022-09-22,-8.646047592163086
2022-09-23,-13.289674758911133
2022-09-26,-5.588193416595459
2022-09-27,-6.431253910064697
2022-09-28,-10.696399688720703
2022-09-29,-5.644756317138672
2022-09-30,-1.5043832063674927
2022-10-10,-4.353222370147705
2022-10-11,-7.673703670501709
2022-10-12,-2.9781508445739746
2022-10-13,1.820002555847168
2022-10-14,1.9383721351623535
2022-10-17,7.575073719024658
2022-10-18,3.324516773223877
2022-10-19,0.8014327883720398
2022-10-20,-1.5987207889556885
2022-10-21,0.39686447381973267
2022-10-24,-0.8077747821807861
2022-10-25,-4.1752705574035645
2022-10-26,-3.4673831462860107
2022-10-27,-3.719409942626953
2022-10-28,-5.6449151039123535
2022-10-31,-3.8528125286102295
2022-11-01,-3.670753240585327
2022-11-02,-6.740201950073242
2022-11-03,-1.4395784139633179
2022-11-04,-3.0472002029418945
2022-11-07,0.49132341146469116
2022-11-08,-4.461125373840332
2022-11-09,-3.3155009746551514
2022-11-10,-1.5258904695510864
2022-11-11,-3.2870423793792725
2022-11-14,-3.182860851287842
2022-11-15,-1.8382161855697632
2022-11-16,-2.5305116176605225
2022-11-17,-3.2991960048675537
2022-11-18,-2.2614448070526123
2022-11-21,-3.5515995025634766
2022-11-22,-5.092775821685791
2022-11-23,-3.2387516498565674
2022-11-24,-4.024511337280273
2022-11-25,-3.819563150405884
2022-11-28,1.105112075805664
2022-11-29,0.653300940990448
2022-11-30,-3.2288248538970947
2022-12-01,0.19594880938529968
2022-12-02,0.32071274518966675
2022-12-05,-0.8072290420532227
2022-12-06,-1.1454631090164185
2022-12-07,1.199621319770813
2022-12-08,-1.9829227924346924
2022-12-09,-4.005021095275879
2022-12-12,-3.5155720710754395
2022-12-13,-6.05542516708374
2022-12-14,-0.8688527941703796
2022-12-15,-1.3977792263031006
2022-12-16,-3.330859661102295
2022-12-19,-2.039637565612793
2022-12-20,-5.541611671447754
2022-12-21,-7.328091621398926
2022-12-22,-9.899733543395996
2022-12-23,-8.5621337890625
2022-12-26,-6.963095664978027
2022-12-27,-4.175947189331055
2022-12-28,-7.672325611114502
2022-12-29,-8.107847213745117
2022-12-30,-10.105274200439453
2023-01-03,-5.537686347961426
2023-01-04,-6.664227485656738
2023-01-05,-4.967646598815918
2023-01-06,-2.4936535358428955
2023-01-09,-2.8074822425842285
2023-01-10,-3.3674967288970947
2023-01-11,-3.7636399269104004
2023-01-12,-6.678472518920898
2023-01-13,-10.302132606506348
2023-01-16,-12.417644500732422
2023-01-17,-10.185271263122559
2023-01-18,-8.156990051269531
2023-01-19,-8.559431076049805
2023-01-20,-8.540714263916016
2023-01-30,-5.930046558380127
2023-01-31,-4.898629188537598
2023-02-01,-4.8836774826049805
2023-02-02,-2.4869651794433594
2023-02-03,-1.2555081844329834
2023-02-06,-2.983391523361206
2023-02-07,-3.0157673358917236
2023-02-08,1.78276526927948
2023-02-09,-1.7182525396347046
2023-02-10,1.4566253423690796
2023-02-13,-0.24467222392559052
2023-02-14,1.210327386856079
2023-02-15,-0.161699578166008
2023-02-16,0.01618126407265663
2023-02-17,0.7395565509796143
2023-02-20,-2.8883490562438965
2023-02-21,2.7538352012634277
2023-02-22,0.6353329420089722
2023-02-23,0.40037232637405396
2023-02-24,-2.0046305656433105
2023-02-27,-0.31600576639175415
2023-02-28,-2.1803221702575684
2023-03-01,-0.48455262184143066
2023-03-02,0.2799529433250427
2023-03-03,5.290503025054932
2023-03-06,4.527255535125732
2023-03-07,-0.2350468933582306
2023-03-08,-2.4552009105682373
2023-03-09,-1.4223185777664185
2023-03-10,-0.7660680413246155
2023-03-13,-3.4772958755493164
2023-03-14,-1.3907145261764526
2023-03-15,2.6382944583892822
2023-03-16,2.714218854904175
2023-03-17,-7.3935546875
2023-03-20,10.408334732055664
2023-03-21,17.589824676513672
2023-03-22,12.082520484924316
2023-03-23,8.932427406311035
2023-03-24,0.764863133430481
2023-03-27,3.4063735008239746
2023-03-28,9.9634428024292
2023-03-29,6.152199745178223
2023-03-30,9.994111061096191
2023-03-31,5.810233116149902
2023-04-03,-1.0661667585372925
2023-04-04,0.6552494168281555
2023-04-06,-0.3340945839881897
2023-04-07,-1.8656597137451172
2023-04-10,5.262479305267334
2023-04-11,6.910609245300293
2023-04-12,-2.8388969898223877
2023-04-13,7.111659049987793
2023-04-14,7.110157489776611
2023-04-17,11.005037307739258
2023-04-18,4.663345813751221
2023-04-19,4.535694599151611
2023-04-20,2.495809316635132
2023-04-21,-1.971850872039795
2023-04-24,-0.8928578495979309
2023-04-25,-7.3186821937561035
2023-04-26,-5.881707191467285
2023-04-27,-5.509338855743408
2023-04-28,-7.643445014953613
2023-05-04,-7.476803779602051
2023-05-05,-9.911233901977539
2023-05-08,-9.850139617919922
2023-05-09,-11.089950561523438
2023-05-10,-10.053693771362305
2023-05-11,-5.977495193481445
2023-05-12,1.2634849548339844
2023-05-15,-2.9923298358917236
2023-05-16,0.02394123002886772
2023-05-17,2.695317506790161
2023-05-18,2.615508556365967
2023-05-19,-0.07414314895868301
2023-05-22,3.4694924354553223
2023-05-23,-0.5454773902893066
2023-05-24,-0.9732334613800049
2023-05-25,2.6873719692230225
2023-05-26,-0.7394549250602722
2023-05-29,3.3854901790618896
2023-05-30,0.9945557713508606
2023-05-31,-2.9922332763671875
2023-06-01,-4.195242881774902
2023-06-02,4.948086261749268
2023-06-05,4.965310573577881
2023-06-06,2.0605783462524414
2023-06-07,-0.892783522605896
2023-06-08,-2.2917401790618896
2023-06-09,-2.022711992263794
2023-06-12,-5.9860053062438965
2023-06-13,-4.202469348907471
2023-06-14,-1.5828298330307007
2023-06-15,1.9613378047943115
2023-06-16,-5.570791244506836
2023-06-19,-9.237689018249512
2023-06-20,-11.582663536071777
2023-06-21,-4.235799789428711
2023-06-26,-4.189600944519043
2023-06-27,-1.4399921894073486
2023-06-28,-4.452972412109375
2023-06-29,-7.925283908843994
2023-06-30,-7.738296031951904
2023-07-03,-4.788765907287598
2023-07-04,-3.680656909942627
2023-07-05,-5.36310338973999
2023-07-06,-8.84442138671875
2023-07-07,-6.657853126525879
2023-07-10,-3.330108880996704
2023-07-11,-3.7399466037750244
2023-07-12,-10.213129043579102
2023-07-13,-7.192608833312988
2023-07-14,-6.566588401794434
2023-07-17,-6.860821723937988
2023-07-18,-7.572216033935547
2023-07-19,-5.061049938201904
2023-07-20,-6.782262802124023
2023-07-21,-8.94442367553711
2023-07-24,-4.06271505355835
2023-07-25,-2.565697193145752
2023-07-26,-4.569879055023193
2023-07-27,-0.9450646042823792
2023-07-28,0.5982385873794556
2023-07-31,0.1476230025291443
2023-08-01,-0.38496142625808716
2023-08-02,1.1157218217849731
2023-08-03,0.4118503928184509
2023-08-04,-2.1946451663970947
2023-08-07,-5.1309380531311035
2023-08-08,-0.7278498411178589
2023-08-09,-2.199204683303833
2023-08-10,-3.3824071884155273
2023-08-11,3.024545192718506
2023-08-14,-3.2014973163604736
2023-08-15,-7.488688945770264
2023-08-16,-11.54671573638916
2023-08-17,-6.368440628051758
2023-08-18,-2.6084048748016357
2023-08-21,-3.8967742919921875
2023-08-22,-7.072051048278809
2023-08-23,-4.98645544052124
2023-08-24,-4.5219502449035645
2023-08-25,-12.647027015686035
2023-08-28,-14.419071197509766
2023-08-29,-12.985380172729492
2023-08-30,-11.241683006286621
2023-08-31,-7.843336582183838
2023-09-01,-2.310121774673462
2023-09-04,-3.504418134689331
2023-09-05,2.9898178577423096
2023-09-06,3.588850498199463
2023-09-07,2.3925983905792236
2023-09-08,0.6153409481048584
2023-09-11,0.9240577220916748
2023-09-12,-3.6043570041656494
2023-09-13,-3.4321115016937256
2023-09-14,-3.2376625537872314
2023-09-15,0.37682366371154785
2023-09-18,0.594126284122467
2023-09-19,-1.476395606994629
2023-09-20,5.078129291534424
2023-09-21,6.132931709289551
2023-09-22,11.27032470703125
2023-09-25,8.883378028869629
2023-09-26,5.3357625007629395
2023-09-27,1.485589623451233
2023-09-28,3.105154275894165
2023-10-09,2.258502244949341
2023-10-10,-1.873767375946045
2023-10-11,0.994245171546936
2023-10-12,1.9646201133728027
2023-10-13,-5.683938026428223
2023-10-16,-3.221707344055176
2023-10-17,-0.9633044004440308
2023-10-18,-0.740556538105011
2023-10-19,-3.7102293968200684
2023-10-20,-4.868102550506592
2023-10-23,-6.37874698638916
2023-10-24,1.2129082679748535
2023-10-25,-0.4811238646507263
2023-10-26,1.0085840225219727
2023-10-27,-2.7040698528289795
2023-10-30,-3.675184488296509
2023-10-31,-0.6907805800437927
2023-11-01,-2.5379881858825684
2023-11-02,-3.67970609664917
2023-11-03,-0.21054409444332123
2023-11-06,-0.33279135823249817
2023-11-07,-5.327259063720703
2023-11-08,-5.6378068923950195
2023-11-09,-5.5628790855407715
2023-11-10,-2.4128382205963135
2023-11-13,-1.6953924894332886
2023-11-14,-4.003265380859375
2023-11-15,-2.16441011428833
2023-11-16,-1.9091976881027222
2023-11-17,-1.6790207624435425
2023-11-20,3.7380120754241943
2023-11-21,0.6922776103019714
2023-11-22,-1.9350134134292603
2023-11-23,1.0276241302490234
2023-11-24,-5.687520503997803
2023-11-27,-4.718155384063721
2023-11-28,-4.267894268035889
2023-11-29,-3.164808750152588
2023-11-30,-3.133507013320923
2023-12-01,-1.7019338607788086
2023-12-04,2.1491124629974365
2023-12-05,-1.0541578531265259
2023-12-06,-3.281226396560669
2023-12-07,-3.5946390628814697
2023-12-08,-4.90752649307251
2023-12-11,-7.45321798324585
2023-12-12,-3.2561211585998535
2023-12-13,-5.067896842956543
2023-12-14,-7.20315408706665
2023-12-15,-10.14425277709961
2023-12-18,-7.886310577392578
2023-12-19,-10.44653606414795
2023-12-20,-2.21094012260437
2023-12-21,-8.106809616088867
2023-12-22,-4.959495544433594
2023-12-25,-7.4149041175842285
2023-12-26,-9.239922523498535
2023-12-27,-8.432283401489258
2023-12-28,-4.122537612915039
2023-12-29,-6.802122116088867
2024-01-02,-3.254986524581909
2024-01-03,-0.03220364451408386
2024-01-04,-2.0676493644714355
2024-01-05,-3.3590025901794434
2024-01-08,-5.46713924407959
2024-01-09,-5.311225414276123
2024-01-10,-1.2377746105194092
2024-01-11,-4.584275722503662
2024-01-12,-5.516194820404053
2024-01-15,-5.8165669441223145
2024-01-16,-5.02193546295166
2024-01-17,-8.763397216796875
2024-01-18,-5.832415580749512
2024-01-19,-5.8267502784729
2024-01-22,-10.544319152832031
2024-01-23,-7.418091773986816
2024-01-24,-7.613189697265625
2024-01-25,-0.0950746238231659
2024-01-26,-1.5516712665557861
2024-01-29,0.4758376479148865
2024-01-30,-1.8510892391204834
2024-01-31,-5.243161678314209
2024-02-01,-8.6447172164917
2024-02-02,-10.343825340270996
2024-02-05,-20.490375518798828
2024-02-06,-13.030234336853027
2024-02-07,-17.735393524169922
2024-02-08,-9.52344799041748
2024-02-19,-5.498715400695801
2024-02-20,-1.627586007118225
2024-02-21,-1.1828176975250244
2024-02-22,0.7057055830955505
2024-02-23,1.844481348991394
2024-02-26,1.6945912837982178
2024-02-27,-0.3348426818847656
2024-02-28,-3.910325050354004
2024-02-29,-4.040469646453857
2024-03-01,-1.9620271921157837
2024-03-04,-4.170794486999512
2024-03-05,-4.901646137237549
2024-03-06,-5.965299129486084
2024-03-07,-6.960644721984863
2024-03-08,-6.740506172180176
2024-03-11,-0.8327593207359314
2024-03-12,-1.68233060836792
2024-03-13,2.0526745319366455
2024-03-14,1.15029776096344
2024-03-15,4.523123264312744
2024-03-18,-0.3063945174217224
2024-03-19,-0.1927289217710495
2024-03-20,1.6858464479446411
2024-03-21,2.6951303482055664
2024-03-22,-6.972023010253906
2024-03-25,-5.638280391693115
2024-03-26,-1.4071524143218994
2024-03-27,-2.7406344413757324
2024-03-28,0.4776846766471863
2024-03-29,8.268494606018066
2024-04-01,7.075479507446289
2024-04-02,11.02884578704834
2024-04-03,8.678515434265137
2024-04-08,4.3951416015625
2024-04-09,-0.07882639765739441
2024-04-10,-0.011347606778144836
2024-04-11,-0.007425248622894287
2024-04-12,-1.6960806846618652
2024-04-15,-9.953747749328613
2024-04-16,-11.50008773803711
2024-04-17,-7.112720012664795
2024-04-18,-7.12034797668457
2024-04-19,-8.657873153686523
2024-04-22,-3.998044967651367
2024-04-23,-0.8544608950614929
2024-04-24,-1.403257966041565
2024-04-25,-0.521639347076416
2024-04-26,-3.5423271656036377
2024-04-29,-3.1587448120117188
2024-04-30,-1.6104674339294434
2024-05-06,0.06164997071027756
2024-05-07,1.3435779809951782
2024-05-08,-0.9687827825546265
2024-05-09,0.5343040227890015
2024-05-10,-0.12927427887916565
2024-05-13,-0.4233359396457672
2024-05-14,0.9565525054931641
2024-05-15,-1.2274503707885742
2024-05-16,0.10704118758440018
2024-05-17,-2.2928342819213867
2024-05-20,-1.5731163024902344
2024-05-21,1.2431120872497559
2024-05-22,4.29860258102417
2024-05-23,-0.12875720858573914
2024-05-24,-2.249277353286743
2024-05-27,-1.607649803161621
2024-05-28,-6.553730487823486
2024-05-29,-4.631211280822754
2024-05-30,-0.6644399762153625
2024-05-31,-0.5504896640777588
2024-06-03,0.6248533725738525
2024-06-04,-0.9214304685592651
2024-06-05,0.4398208260536194
2024-06-06,-1.9021378755569458
2024-06-07,7.508389472961426
2024-06-11,-1.9238412380218506
2024-06-12,0.6531141996383667
2024-06-13,-3.255959987640381
2024-06-14,0.9921241402626038
2024-06-17,0.9888131022453308
2024-06-18,0.0035312026739120483
2024-06-19,2.948423385620117
2024-06-20,0.39803460240364075
2024-06-21,-0.7475640773773193
2024-06-24,-2.707590103149414
2024-06-25,-2.735860824584961
2024-06-26,5.648533344268799
2024-06-27,1.2133853435516357
2024-06-28,0.10756012052297592
2024-07-01,3.2556190490722656
2024-07-02,5.400355815887451
2024-07-03,2.4151573181152344
2024-07-04,1.3411129713058472
2024-07-05,0.8406696915626526
2024-07-08,1.2298458814620972
2024-07-09,-2.4974749088287354
2024-07-10,-5.096741199493408
2024-07-11,-5.726047515869141
2024-07-12,-4.344254016876221
2024-07-15,-2.8196752071380615
2024-07-16,-4.530657768249512
2024-07-17,-5.061037063598633
2024-07-18,-2.2408993244171143
2024-07-19,-3.3328771591186523
2024-07-22,-7.310300350189209
2024-07-23,-8.404062271118164
2024-07-24,-4.488900184631348
2024-07-25,-7.134323596954346
2024-07-26,-3.1507954597473145
2024-07-29,-8.125406265258789
2024-07-30,-9.754035949707031
2024-07-31,0.03222450613975525
2024-08-01,-5.244238376617432
2024-08-02,-7.606993675231934
2024-08-05,-8.007610321044922
2024-08-06,-8.000818252563477
2024-08-07,-8.626137733459473
2024-08-08,-5.456848621368408
2024-08-09,-8.129000663757324
2024-08-12,-5.685650825500488
2024-08-13,-5.684576034545898
2024-08-14,-2.5848162174224854
2024-08-15,-4.545252323150635
2024-08-16,-3.2264211177825928
2024-08-19,-5.507789611816406
2024-08-20,-6.315737724304199
2024-08-21,-7.5444536209106445
2024-08-22,-10.797346115112305
2024-08-23,-7.861945629119873
2024-08-26,-5.852982997894287
2024-08-27,-5.294826030731201
2024-08-28,-8.733283996582031
2024-08-29,-4.068434238433838
2024-08-30,-4.835291862487793
2024-09-02,-7.528169631958008
2024-09-03,-7.906280517578125
2024-09-04,-2.6886374950408936
2024-09-05,-2.85776948928833
2024-09-06,-9.69508171081543
2024-09-09,-11.381678581237793
2024-09-10,-11.699957847595215
2024-09-11,-6.674423694610596
2024-09-12,-7.757790565490723
2024-09-13,2.100694179534912
2024-09-18,11.498591423034668
2024-09-19,4.008910179138184
2024-09-20,6.091919422149658
2024-09-23,5.266901969909668
2024-09-24,16.213891983032227
2024-09-25,17.967805862426758
2024-09-26,11.790124893188477
2024-09-27,9.853671073913574
2024-09-30,-0.11465977877378464
2024-10-08,1.9123743772506714
2024-10-09,-3.1177315711975098
2024-10-10,-5.776726245880127
2024-10-11,-6.672310829162598
2024-10-14,-7.494035243988037
2024-10-15,0.46792030334472656
2024-10-16,-7.138024806976318
2024-10-17,-1.161271333694458
2024-10-18,2.210890054702759
2024-10-21,6.943634986877441
2024-10-22,0.34181326627731323
2024-10-23,-0.8925393223762512
2024-10-24,-0.4444733262062073
2024-10-25,-1.0610759258270264
2024-10-28,3.316009759902954
2024-10-29,3.3132166862487793
2024-10-30,-6.569336891174316
2024-10-31,-1.9656565189361572
2024-11-01,-5.982256889343262
2024-11-04,-8.210916519165039
2024-11-05,-4.064426422119141
2024-11-06,-2.875495433807373
2024-11-07,-1.1145907640457153
2024-11-08,-3.0090596675872803
2024-11-11,-7.347346782684326
2024-11-12,-6.468723773956299
2024-11-13,-5.16967248916626
2024-11-14,-4.236148834228516
2024-11-15,-6.146786689758301
2024-11-18,0.4041038453578949
2024-11-19,1.633191466331482
2024-11-20,-3.431431293487549
2024-11-21,-1.4798985719680786
2024-11-22,-0.8544564247131348
2024-11-25,-3.5225446224212646
2024-11-26,3.0142619609832764
2024-11-27,-0.45621806383132935
2024-11-28,1.7209529876708984
2024-11-29,-2.113854169845581
2024-12-02,-0.9420894980430603
2024-12-03,-2.1360440254211426
2024-12-04,-1.180768609046936
2024-12-05,-2.75780987739563
2024-12-06,-1.011946201324463
2024-12-09,-4.290034770965576
2024-12-10,-2.276703357696533
2024-12-11,0.6393149495124817
2024-12-12,-1.3876736164093018
2024-12-13,-1.1329762935638428
2024-12-16,-2.3094568252563477
2024-12-17,-6.297832489013672
2024-12-18,-0.8396201133728027
2024-12-19,-1.2273341417312622
2024-12-20,0.9481504559516907
2024-12-23,-2.7008862495422363
2024-12-24,-0.5034163594245911
2024-12-25,2.679713010787964
2024-12-26,0.8778162002563477
2024-12-27,1.9780113697052002
2024-12-30,-0.4189688563346863
2024-12-31,2.0149524211883545
2025-01-02,-5.75375509262085
2025-01-03,-8.84136962890625
2025-01-06,-7.224930763244629
2025-01-07,-1.1151201725006104
2025-01-08,-1.4438560009002686
2025-01-09,-0.9548569321632385
2025-01-10,0.610205888748169
2025-01-13,3.666419267654419
2025-01-14,3.220244884490967
2025-01-15,6.216414451599121
2025-01-16,4.969502925872803
2025-01-17,-2.4702601432800293
2025-01-20,3.1747806072235107
2025-01-21,1.0299838781356812
2025-01-22,-7.030557155609131
2025-01-23,-7.071685791015625
2025-01-24,0.8333914279937744
2025-01-27,-8.76566219329834
2025-02-05,-1.5037879943847656
2025-02-06,5.80234956741333
2025-02-07,0.7222663760185242
2025-02-10,7.867769718170166
2025-02-11,8.080634117126465
2025-02-12,1.0787688493728638
2025-02-13,7.591055393218994
2025-02-14,2.7846391201019287
2025-02-17,-2.1815576553344727
2025-02-18,-1.2112047672271729
2025-02-19,-2.194951057434082
2025-02-20,-5.079843044281006
2025-02-21,-5.331048965454102
2025-02-24,-5.264022350311279
2025-02-25,-3.9292547702789307
2025-02-26,-6.1269378662109375
2025-02-27,-5.462947368621826
2025-02-28,-0.22006146609783173
2025-03-03,-5.875359535217285
2025-03-04,-2.3051810264587402
2025-03-05,1.2339234352111816
2025-03-06,-0.47026005387306213
2025-03-07,-5.6329498291015625
2025-03-10,-2.537698984146118
2025-03-11,-7.784503936767578
2025-03-12,-5.1286301612854
2025-03-13,-3.9997286796569824
2025-03-14,-3.4989144802093506
2025-03-17,-4.90137243270874
2025-03-18,-2.9972777366638184
2025-03-19,0.47591662406921387
2025-03-20,-4.584663391113281
2025-03-21,-5.755850791931152
2025-03-24,-8.340242385864258
2025-03-25,-3.4993550777435303
2025-03-26,0.5920476913452148
2025-03-27,-1.4984354972839355
2025-03-28,4.805479049682617
2025-03-31,-0.19855238497257233
2025-04-01,4.502187252044678
2025-04-02,0.15578828752040863
2025-04-03,-0.030235573649406433
2025-04-07,-3.37296199798584
2025-04-08,-10.067501068115234
2025-04-09,-11.023107528686523
2025-04-10,-6.127936840057373
2025-04-11,-8.973617553710938
2025-04-14,-7.269280433654785
2025-04-15,-2.8253374099731445
2025-04-16,-0.42959079146385193
2025-04-17,-2.62540340423584
2025-04-18,-3.4076743125915527
2025-04-21,-5.982762813568115
2025-04-22,-8.358728408813477
2025-04-23,-6.206904888153076
2025-04-24,-6.862081050872803
2025-04-25,-3.9608371257781982
2025-04-28,-5.57672119140625
2025-04-29,-3.6506407260894775
2025-04-30,-1.812180519104004
2025-05-06,0.1019742339849472
2025-05-07,0.6038386225700378
2025-05-08,-0.6723506450653076
2025-05-09,3.941737413406372
2025-05-12,3.1195783615112305
2025-05-13,1.3363416194915771
2025-05-14,3.2630856037139893
2025-05-15,2.9199867248535156
2025-05-16,3.475407600402832
2025-05-19,0.8242976069450378
2025-05-20,2.559288740158081
2025-05-21,2.0165669918060303
2025-05-22,1.6342222690582275
2025-05-23,7.6113200187683105
2025-05-26,6.662910461425781
2025-05-27,6.469522953033447
2025-05-28,-4.065427780151367
2025-05-29,2.6585240364074707
2025-05-30,1.6175028085708618
2025-06-03,0.2581150233745575
2025-06-04,2.315392255783081
2025-06-05,1.4939253330230713
2025-06-06,0.07498208433389664
2025-06-09,2.328756093978882
2025-06-10,-1.0963801145553589
2025-06-11,-1.3050575256347656
2025-06-12,-2.2148826122283936
2025-06-13,-4.0663933753967285
2025-06-16,0.020841136574745178
2025-06-17,-0.30797719955444336
2025-06-18,-3.088515520095825
2025-06-19,2.069272041320801
2025-06-20,3.0557103157043457
2025-06-23,4.875746250152588
2025-06-24,10.224008560180664
2025-06-25,3.804927349090576
2025-06-26,-0.8586017489433289
2025-06-27,2.205005168914795
2025-06-30,0.6664406657218933
2025-07-01,3.7198264598846436
2025-07-02,1.3003236055374146
2025-07-03,3.936109781265259
2025-07-04,2.6837668418884277
2025-07-07,1.100448489189148
2025-07-08,-0.01681707799434662
2025-07-09,0.3911025822162628
2025-07-10,-1.4735229015350342
2025-07-11,0.3789760172367096
2025-07-14,2.475729465484619
2025-07-15,6.2930450439453125
2025-07-16,3.3987865447998047
2025-07-17,6.32021951675415
2025-07-18,4.470022201538086
2025-07-21,4.7002763748168945
2025-07-22,-1.991766333580017
2025-07-23,2.9944329261779785
2025-07-24,-2.0936503410339355
2025-07-25,-4.151737213134766
2025-07-28,-1.2261244058609009
2025-07-29,-3.1519083976745605
2025-07-30,2.990581750869751
2025-07-31,-2.0688529014587402
2025-08-01,2.6599488258361816
2025-08-04,2.2446365356445312
2025-08-05,6.400475025177002
2025-08-06,7.751537799835205
2025-08-07,-0.5261451005935669
2025-08-08,3.9778568744659424
2025-08-11,9.257780075073242
2025-08-12,5.929141998291016
2025-08-13,3.719215154647827
2025-08-14,-1.123175024986267
2025-08-15,2.71012282371521
2025-08-18,3.5472116470336914
2025-08-19,9.307618141174316
2025-08-20,4.2333502769470215
2025-08-21,8.78917407989502
2025-08-22,6.71602201461792
2025-08-25,-0.2688930332660675
2025-08-26,1.3397468328475952
2025-08-27,2.331505298614502
2025-08-28,3.1520352363586426
2025-08-29,2.3311729431152344
2025-09-01,1.617531657218933
2025-09-02,1.7283467054367065
2025-09-03,-0.9403306841850281
2025-09-04,3.076589584350586
2025-09-05,4.890939235687256
2025-09-08,2.1091957092285156
2025-09-09,6.524229049682617
2025-09-10,5.204911708831787
2025-09-11,9.695294380187988
2025-09-12,3.3051531314849854
2025-09-15,7.693563938140869
2025-09-16,3.7023000717163086
2025-09-17,3.87618350982666
2025-09-18,-3.0265281200408936
2025-09-19,-0.5033937096595764
2025-09-22,-2.7279481887817383
2025-09-23,-0.7997894883155823
2025-09-24,0.003405846655368805
2025-09-25,-2.2073588371276855
2025-09-26,-4.0173540115356445
2025-09-29,-2.970770835876465
2025-09-30,-8.453108787536621
2025-10-09,-10.853527069091797
2025-10-10,-4.668079376220703
2025-10-13,-3.9530434608459473
2025-10-14,-3.2058138847351074
2025-10-15,-0.906004011631012
2025-10-16,0.7874652743339539
2025-10-17,-0.2649478614330292
2025-10-20,-3.727193593978882
2025-10-21,2.2116169929504395
2025-10-22,4.419958114624023
2025-10-23,4.95266580581665
2025-10-24,1.4653749465942383
2025-10-27,-0.48718535900115967
2025-10-28,-3.0273098945617676
2025-10-29,-3.010341167449951
2025-10-30,0.7980480790138245
2025-10-31,8.477875709533691
2025-11-03,2.750908136367798
2025-11-04,2.9400734901428223
2025-11-05,5.735102653503418
2025-11-06,6.766513824462891
2025-11-07,-2.8693501949310303
2025-11-10,-5.332488059997559
2025-11-11,-1.5764716863632202
2025-11-12,-3.1638786792755127
2025-11-13,-2.5148913860321045
2025-11-14,-4.03538703918457
2025-11-17,-1.4272695779800415
2025-11-18,-3.3146653175354004
2025-11-19,-7.910614490509033
2025-11-20,-5.085139751434326
2025-11-21,-4.664116859436035
2025-11-24,-3.193669319152832
2025-11-25,0.240200936794281
2025-11-26,3.730923652648926
2025-11-27,-0.1137533187866211
2025-11-28,-2.050400972366333
2025-12-01,-2.8120431900024414
2025-12-02,6.296621322631836
2025-12-03,2.096769094467163
2025-12-04,-0.7320058941841125
2025-12-05,0.12404866516590118
2025-12-08,6.878934860229492
2025-12-09,13.927711486816406
2025-12-10,8.051813125610352
2025-12-11,6.684319496154785
2025-12-12,2.0189461708068848
2025-12-15,0.1894492655992508
2025-12-16,1.6601611375808716
2025-12-17,5.111079692840576
2025-12-18,5.8526611328125
2025-12-19,6.6868486404418945
2025-12-22,7.350614547729492
2025-12-23,-0.41236430406570435
2025-12-24,5.531887531280518
2025-12-25,1.321914792060852
2025-12-26,3.215914249420166
2025-12-29,11.574076652526855
2025-12-30,3.9362101554870605
2025-12-31,1.349372386932373
2026-01-05,-1.68035888671875
2026-01-06,-0.7197164297103882
2026-01-07,-0.7526553869247437
2026-01-08,3.957792282104492
2026-01-09,5.297313213348389
2026-01-12,2.847822666168213
2026-01-13,5.400208950042725
2026-01-14,12.001944541931152
2026-01-15,10.575021743774414
2026-01-16,4.177814483642578
2026-01-19,5.6355485916137695
2026-01-20,5.515644550323486
2026-01-21,0.6856598854064941
2026-01-22,-3.1240100860595703
2026-01-23,2.272493362426758
2026-01-26,-1.0552343130111694
2026-01-27,0.5826695561408997
2026-01-28,-4.713902473449707
2026-01-29,2.5512795448303223
2026-01-30,-2.2148044109344482
2026-02-02,-1.5801599025726318
2026-02-03,1.3752888441085815
2026-02-04,1.414294719696045
2026-02-05,-1.4753550291061401
2026-02-06,2.3826613426208496
2026-02-09,7.334078311920166
2026-02-10,7.435889720916748
2026-02-11,3.841662883758545
2026-02-12,-2.301179885864258
2026-02-13,1.9177294969558716
2026-02-24,3.512321710586548
2026-02-25,1.7518527507781982
2026-02-26,-0.2891104817390442
2026-02-27,1.7527490854263306
2026-03-02,1.1700842380523682
2026-03-03,-2.3620285987854004
2026-03-04,-1.9949008226394653
2026-03-05,2.8142566680908203
2026-03-06,-0.589605450630188
2026-03-09,3.2587506771087646
2026-03-10,0.09831488132476807
2026-03-11,1.8041282892227173
2026-03-12,2.293825149536133
2026-03-13,0.8168861269950867
2026-03-16,1.7480254173278809
2026-03-17,2.547795534133911
2026-03-18,-0.990342378616333
2026-03-19,-2.1047611236572266
2026-03-20,-3.8784000873565674
2026-03-23,-9.449480056762695
2026-03-24,-8.124343872070312
2026-03-25,-13.487757682800293
2026-03-26,-6.675899982452393
2026-03-27,1.8380396366119385
2026-03-30,1.9385404586791992
2026-03-31,-0.5349881649017334
2026-04-01,4.482266902923584
2026-04-02,-2.302713394165039
2026-04-03,-6.911113262176514
2026-04-07,-5.2009124755859375
2026-04-08,6.816498756408691
2026-04-09,8.452216148376465
2026-04-10,7.617449760437012
2026-04-13,0.9150067567825317
2026-04-14,-1.150369644165039
2026-04-15,7.779096603393555
2026-04-16,9.791815757751465
2026-04-17,9.096519470214844
2026-04-20,10.074467658996582
2026-04-21,9.215897560119629
2026-04-22,6.1046366691589355
2026-04-23,6.912321090698242
2026-04-24,9.836114883422852
2026-04-27,12.369625091552734
2026-04-28,2.8502042293548584
2026-04-29,1.3911515474319458
2026-04-30,0.3801703453063965
2026-05-06,8.636637687683105
2026-05-07,8.760651588439941
2026-05-08,12.356921195983887
2026-05-11,7.702982425689697
2026-05-12,13.637399673461914
2026-05-13,6.183328151702881
2026-05-14,11.17996597290039
2026-05-15,9.508959770202637
2026-05-18,2.430267810821533
2026-05-19,4.520193576812744
2026-05-20,5.362600803375244
2026-05-21,11.10568618774414
2026-05-22,2.5099802017211914
2026-05-25,0.7936679124832153
2026-05-26,3.921266555786133
2026-05-27,2.776599407196045
2026-05-28,2.12511944770813
2026-05-29,-0.8822336792945862
2026-06-01,14.62966537475586
2026-06-02,11.390779495239258
2026-06-03,4.674801349639893
2026-06-04,10.580693244934082
2026-06-05,14.35509204864502
2026-06-08,18.91329002380371
2026-06-09,17.909076690673828
2026-06-10,19.846498489379883
2026-06-11,17.68109703063965
2026-06-12,22.857601165771484
2026-06-15,20.851234436035156
2026-06-16,25.825944900512695
2026-06-17,12.247492790222168
2026-06-18,6.847593307495117
2026-06-22,-3.8282923698425293
2026-06-23,3.1976847648620605
2026-06-24,-2.6368014812469482
2026-06-25,0.16490519046783447
2026-06-26,-10.311148643493652
2026-06-29,-6.066019058227539
2026-06-30,-8.460357666015625
2026-07-01,-12.746688842773438
2026-07-02,-18.947216033935547
2026-07-03,-11.941213607788086
2026-07-06,-12.205937385559082
2026-07-07,-14.363783836364746
2026-07-08,-3.899235963821411
2026-07-09,-12.056441307067871
2026-07-10,-9.03512191772461
2026-07-13,-9.106917381286621
2026-07-14,-9.201698303222656
2026-07-15,-9.99342155456543
2026-07-16,-9.565706253051758
2026-07-17,-6.955444812774658
2026-07-20,-12.30168628692627
2026-07-21,-15.23326301574707
2026-07-22,-13.554802894592285
2026-07-23,-9.959766387939453
2026-07-24,-9.045318603515625
2026-07-27,-4.447631359100342
2026-07-28,-6.632312297821045
2026-07-29,-6.22645378112793
2026-07-30,-8.065865516662598
2026-07-31,-5.44918155670166
2026-08-03,-4.7095866203308105
2026-08-04,-3.7790310382843018
2026-08-05,-5.526963233947754
2026-08-06,-0.1751374900341034
2026-08-07,-1.7686896324157715
2026-08-10,-1.0513252019882202
2026-08-11,-2.0892345905303955
2026-08-12,-6.0677008628845215
2026-08-13,-5.547524452209473
2026-08-14,-5.99725341796875
2026-08-17,-3.1159791946411133
2026-08-18,-6.46740198135376
2026-08-19,-2.6239073276519775
2026-08-20,-5.854573726654053
2026-08-21,-5.012895584106445
2026-08-24,-4.919804573059082
2026-08-25,-0.7554851770401001
2026-08-26,0.38899853825569153
2026-08-27,0.07322225719690323
2026-08-28,-2.533742666244507
2026-08-31,-3.844491720199585
2026-09-01,-5.569882869720459
2026-09-02,-4.199586868286133
2026-09-03,-3.4342117309570312
2026-09-04,-3.0068600177764893
2026-09-07,-0.5746444463729858
2026-09-08,-0.5513560771942139
2026-09-09,-5.217706203460693
2026-09-10,-3.6736958026885986
